"cluster","pH_mean","OmegaAR_mean","CO3_mean"
1,7.88952970976818,1.64181437618791,107.738614608664
2,7.93460096353673,1.81235168871191,118.611107210298
3,7.9292156562532,1.8369723394553,119.894229143065
4,7.97163256337595,2.00777785453548,130.945861954836
